CODE,NAME,DATE,CREATED_DATE,text_a,DESCRIPTION,READ,MARKET,CHANGE,FIRST_DAY,SECOND_DAY,original_price,open1,close1,day1,open2,close2,day2,open3,close3,day3,open4,close4,day4,open5,close5,day5,verb,A0,A1,verbA0A1,verb_mask,A0_mask,A1_mask,AV_num,trade_date,open_close_chg,co_label,cc_label,stock_factors,label,chatgpt_res
600519,贵州茅台,2021-01-07 18:24:00,2021-01-07 18:23:00,贵州茅台公告，董事会于2021年1月6日收到公司董事王焱的书面辞职报告，王焱因工作变动，申请辞去公司董事职务及董事会下设专门委员会相应职务。,贵州茅台公告，董事会于2021年1月6日收到公司董事王焱的书面辞职报告，王焱因工作变动，申请辞去公司董事职务及董事会下设专门委员会相应职务。,5034011.0,1.0,0.0009345794392523,2021-01-07,2021-01-08,2121.9385,2070.4255,2080.0643,2021-01-11,2068.4442,2140.6614,2021-01-12,2143.7324,2143.7324,2021-01-13,2135.8073,2114.0134,2021-01-14,2095.1913,2062.5004,2021-01-15,"[(17, 2), (41, 2), (55, 2)]","[(7, 3), (33, 2), (52, 3)]","[(57, 2), (59, 3), (62, 2), (64, 2), (19, 2), (21, 2), (23, 2), (25, 1), (26, 2), (28, 2), (30, 2), (43, 2), (45, 2), (47, 2), (49, 2), (51, 1), (52, 3), (55, 2), (57, 2), (59, 3), (62, 2), (64, 2)]","[[[(17, 2)], [(7, 3)], [(19, 2), (21, 2), (23, 2), (25, 1), (26, 2), (28, 2), (30, 2)]], [[(41, 2)], [(33, 2)], [(43, 2), (45, 2), (47, 2), (49, 2), (51, 1), (52, 3), (55, 2), (57, 2), (59, 3), (62, 2), (64, 2)]], [[(55, 2)], [(52, 3)], [(57, 2), (59, 3), (62, 2), (64, 2)]]]","[[0. 0. 0. ... 0. 0. 0.]
 [0. 0. 0. ... 0. 0. 0.]
 [0. 0. 0. ... 0. 0. 0.]
 ...
 [0. 0. 0. ... 0. 0. 0.]
 [0. 0. 0. ... 0. 0. 0.]
 [0. 0. 0. ... 0. 0. 0.]]","[[0. 0. 0. ... 0. 0. 0.]
 [0. 0. 0. ... 0. 0. 0.]
 [0. 0. 0. ... 0. 0. 0.]
 ...
 [0. 0. 0. ... 0. 0. 0.]
 [0. 0. 0. ... 0. 0. 0.]
 [0. 0. 0. ... 0. 0. 0.]]","[[0. 0. 0. ... 0. 0. 0.]
 [0. 0. 0. ... 0. 0. 0.]
 [0. 0. 0. ... 0. 0. 0.]
 ...
 [0. 0. 0. ... 0. 0. 0.]
 [0. 0. 0. ... 0. 0. 0.]
 [0. 0. 0. ... 0. 0. 0.]]",3.0,2021-01-07,0.2477270265694645,4.0,4.0,"[39.43367824665831, 39.12671101868472, 39.91025693624836, 39.72911528745289, 39.47096534061886, 10.979706740176692, 0.6257066762522221, -0.3686305351519056, 10.484003951962803, -0.687659491582179, -0.8019262349632691, -0.6060065953054681, -0.0966854860567853, -0.0353405445905588, 1.2250589367243738, -0.0011150480087749, -0.0049838643517056, -0.3913261418019088, -0.3911892316065516, -0.0473216773627043, -0.0119712417435291, -0.0545829642844554, 29.891383824507823, 37.26916360060247]",1,"公司高管变动通常会对公司的经营和股票价格产生一定的影响，但具体影响的程度和方向需要综合考虑多种因素。在没有更多的信息和了解投资者的具体情况之前，我无法提供明确的建议。但是，从一般投资原则出发，投资者可以采取以下两种策略之一：

1. 持有不动：如果投资者原本持有贵州茅台的股票，且对公司的基本面和长期前景有信心，可以选择继续持有不动，等待后续的发展情况。这样做的好处是可以避免因短期波动而做出不必要的交易。

2. 小幅减仓：如果投资者担心这一变动会对公司产生负面影响，可以考虑适当减少持有的股票数量，减少风险暴露。但是，投资者应该根据自己的风险承受能力和投资目标来决定减仓的幅度。

请注意，这只是一般的投资建议，投资决策需要根据个人情况和市场环境进行综合考虑。"
600519,贵州茅台,2021-02-09 20:05:00,2021-02-09 19:04:00,贵州茅台公告，公司拟投资不超4.6亿元，实施“十三五”中华片区酒库续建工程建设项目，该项目规划建设酒库15栋，设计总储酒能力1.84万吨；拟投资不超3342万元，实施和义兴酒业分公司201厂大地片区清污分流管网升级改造工程；拟投资不超22370万元，实施“智慧茅台”建设一期一批项目；拟投资不超过2620万元，实施和义兴酒业分公司301厂清污分流管网升级改造、河道清淤及河床修复工程。,贵州茅台公告，公司拟投资不超4.6亿元，实施“十三五”中华片区酒库续建工程建设项目，该项目规划建设酒库15栋，设计总储酒能力1.84万吨；拟投资不超3342万元，实施和义兴酒业分公司201厂大地片区清污分流管网升级改造工程；拟投资不超22370万元，实施“智慧茅台”建设一期一批项目；拟投资不超过2620万元，实施和义兴酒业分公司301厂清污分流管网升级改造、河道清淤及河床修复工程。,7184064.0,1.0,0.011630699836755,2021-02-09,2021-02-10,2461.726,2563.7415,2447.8571,2021-02-18,2428.2029,2436.9601,2021-02-19,2432.007,2266.5909,2021-02-22,2243.9251,2285.3931,2021-02-23,2286.3738,2168.4983,2021-02-24,"[(9, 1), (20, 2), (47, 2), (67, 1), (106, 1), (133, 1), (137, 2), (144, 2)]","[(7, 2), (7, 2)]","[(49, 2), (68, 2), (107, 2), (109, 2), (111, 3), (114, 1), (134, 2), (139, 3), (142, 1), (146, 5), (151, 3), (154, 1), (155, 1), (156, 2), (158, 4), (162, 2), (164, 2), (166, 1), (167, 2), (169, 2), (171, 1), (172, 2), (174, 2), (176, 2), (10, 2), (12, 2), (14, 4), (18, 1), (22, 1), (23, 3), (26, 1), (27, 4), (31, 2), (33, 2), (35, 2), (37, 2), (39, 2)]","[[[(9, 1)], [(7, 2)], [(10, 2), (12, 2), (14, 4), (18, 1)]], [[(20, 2)], [(7, 2)], [(22, 1), (23, 3), (26, 1), (27, 4), (31, 2), (33, 2), (35, 2), (37, 2), (39, 2)]]]","[[0. 0. 0. ... 0. 0. 0.]
 [0. 0. 0. ... 0. 0. 0.]
 [0. 0. 0. ... 0. 0. 0.]
 ...
 [0. 0. 0. ... 0. 0. 0.]
 [0. 0. 0. ... 0. 0. 0.]
 [0. 0. 0. ... 0. 0. 0.]]","[[0. 0. 0. ... 0. 0. 0.]
 [0. 0. 0. ... 0. 0. 0.]
 [0. 0. 0. ... 0. 0. 0.]
 ...
 [0. 0. 0. ... 0. 0. 0.]
 [0. 0. 0. ... 0. 0. 0.]
 [0. 0. 0. ... 0. 0. 0.]]","[[0. 0. 0. ... 0. 0. 0.]
 [0. 0. 0. ... 0. 0. 0.]
 [0. 0. 0. ... 0. 0. 0.]
 ...
 [0. 0. 0. ... 0. 0. 0.]
 [0. 0. 0. ... 0. 0. 0.]
 [0. 0. 0. ... 0. 0. 0.]]",2.0,2021-02-09,0.929236608100401,3.0,4.0,"[41.30504177461421, 41.1408016459406, 41.63142120608806, 41.58334632343593, 41.51439869462947, 27.70120387677013, 0.1720641321741006, -0.313432893867095, 12.760637440328738, -0.4468112194133244, -0.5231957707109339, -0.3092954303152276, -0.0201840396777528, -0.0303308265324085, 1.6344990898945713, 0.0041538452624145, -0.0008079496903384, -0.4795402658124523, -0.479588752075129, -0.04661963210659, -0.0121005943257765, -0.0560031550722579, 32.85602979743376, 40.34912737065152]",1,这些投资计划都是公司的发展计划，因此对公司的未来增长潜力有一定的影响。但是，在不了解贵州茅台公司的详细情况之前，很难给出具体的投资建议。因此，我建议您在对公司进行更深入的研究和分析后，再根据自己的投资目标、风险偏好和资金状况做出决策，不要盲目跟风或听信市场传言。如果您是长期投资者，并且相信公司的基本面和未来潜力，可以考虑持有不动或适当加仓；如果您是短期投资者，可以根据市场走势和公司业绩等因素，灵活调整仓位。
600519,贵州茅台,2021-03-30 20:50:00,2021-03-30 20:37:00,贵州茅台公告，公司2020年度实现总营收949.15亿元，同比增长11.1%，归属于上市公司股东的净利润466.97亿元，同比增长13.33%。拟10派192.93元。公司表示，2021年的经营目标是：一是营业总收入较上年度增长10.5%左右；二是完成基本建设投资68.21亿元。,贵州茅台公告，公司2020年度实现总营收949.15亿元，同比增长11.1%，归属于上市公司股东的净利润466.97亿元，同比增长13.33%。拟10派192.93元。公司表示，2021年的经营目标是：一是营业总收入较上年度增长10.5%左右；二是完成基本建设投资68.21亿元。,3748618.0,1.0,-0.0053257459692129,2021-03-30,2021-03-31,2025.946,2002.0717,2025.3516,2021-04-01,2036.7439,2141.7511,2021-04-02,2140.7605,2106.118,2021-04-06,2084.3538,2041.6971,2021-04-07,2027.8579,2050.6128,2021-04-08,"[(12, 2), (26, 2), (33, 3), (55, 2), (62, 1), (72, 2), (82, 1), (85, 1), (95, 2), (105, 1), (106, 2)]","[(7, 2), (24, 2), (70, 2), (75, 2), (77, 1), (78, 2), (80, 2), (84, 1), (86, 2), (88, 3), (104, 1)]","[(36, 2), (38, 2), (40, 2), (63, 1), (64, 1), (65, 3), (68, 1), (108, 2), (110, 2), (112, 2), (114, 4), (118, 1), (28, 4), (43, 3), (57, 4), (75, 2), (77, 1), (78, 2), (80, 2), (82, 1), (83, 1), (84, 1), (85, 1), (86, 2), (88, 3), (91, 1), (92, 3), (95, 2), (97, 4), (101, 2), (103, 1), (104, 1), (105, 1), (106, 2), (108, 2), (110, 2), (112, 2), (114, 4), (118, 1), (106, 2), (108, 2), (110, 2), (112, 2), (114, 4), (118, 1), (14, 1), (15, 2), (97, 4), (101, 2), (17, 5), (22, 1)]","[[[(12, 2)], [(7, 2)], [(14, 1), (15, 2)]], [[(26, 2)], [(24, 2)], [(28, 4)]], [[(72, 2)], [(70, 2)], [(75, 2), (77, 1), (78, 2), (80, 2), (82, 1), (83, 1), (84, 1), (85, 1), (86, 2), (88, 3), (91, 1), (92, 3), (95, 2), (97, 4), (101, 2), (103, 1), (104, 1), (105, 1), (106, 2), (108, 2), (110, 2), (112, 2), (114, 4), (118, 1)]], [[(95, 2)], [(86, 2), (88, 3)], [(97, 4), (101, 2)]], [[(105, 1)], [(104, 1)], [(106, 2), (108, 2), (110, 2), (112, 2), (114, 4), (118, 1)]]]","[[0. 0. 0. ... 0. 0. 0.]
 [0. 0. 0. ... 0. 0. 0.]
 [0. 0. 0. ... 0. 0. 0.]
 ...
 [0. 0. 0. ... 0. 0. 0.]
 [0. 0. 0. ... 0. 0. 0.]
 [0. 0. 0. ... 0. 0. 0.]]","[[0. 0. 0. ... 0. 0. 0.]
 [0. 0. 0. ... 0. 0. 0.]
 [0. 0. 0. ... 0. 0. 0.]
 ...
 [0. 0. 0. ... 0. 0. 0.]
 [0. 0. 0. ... 0. 0. 0.]
 [0. 0. 0. ... 0. 0. 0.]]","[[0. 0. 0. ... 0. 0. 0.]
 [0. 0. 0. ... 0. 0. 0.]
 [0. 0. 0. ... 0. 0. 0.]
 ...
 [0. 0. 0. ... 0. 0. 0.]
 [0. 0. 0. ... 0. 0. 0.]
 [0. 0. 0. ... 0. 0. 0.]]",5.0,2021-03-30,-0.2449891163210081,3.0,4.0,"[40.12791637694654, 39.76584007159597, 40.42718445807864, 39.97507985104235, 40.06865865854261, 13.63380822680512, 0.2084424183466667, -0.3101242893737409, 15.143407028554773, -0.4595440256678896, -0.5338819856597867, -0.3630369184784927, -0.0768649225138434, -0.0469105095590323, 1.4592527749596793, 0.0309469334613199, 0.0012721214121377, -0.3627766677981732, -0.3643229479200271, -0.0455194415721138, -0.0109736494429606, -0.0551657278572029, 29.962714961565872, 37.74442557116207]",1,根据贵州茅台公司公告显示，公司2020年度实现总营收和净利润均呈现出良好的增长趋势，并且拟有不错的股息分配，这通常是吸引投资者的因素之一。同时，公司2021年的经营目标也比较明确，这为未来的业绩增长提供了支持。因此，在我看来，持有不动是一个比较合适的选择，如果你对公司的前景持乐观态度，也可以考虑小幅加仓。但是，投资决策应该基于个人的风险承受能力和投资目的，需要仔细分析和考虑。
600519,贵州茅台,2021-03-30 20:59:00,2021-03-30 20:59:00,贵州茅台披露的年报显示，2020年末，香港中央结算有限公司持股比例由三季度末的8.01%增至8.31%。,贵州茅台披露的年报显示，2020年末，香港中央结算有限公司持股比例由三季度末的8.01%增至8.31%。,3935497.0,1.0,-0.0053257459692129,2021-03-30,2021-03-31,2025.946,2002.0717,2025.3516,2021-04-01,2036.7439,2141.7511,2021-04-02,2140.7605,2106.118,2021-04-06,2084.3538,2041.6971,2021-04-07,2027.8579,2050.6128,2021-04-08,"[(4, 2), (9, 2), (40, 2)]","[(0, 4), (4, 2), (6, 1), (7, 2), (16, 2), (18, 2), (20, 2), (22, 4), (26, 2), (28, 2)]","[(7, 2), (12, 2), (14, 1), (15, 1), (16, 2), (18, 2), (20, 2), (22, 4), (26, 2), (28, 2), (30, 1), (31, 3), (34, 1), (35, 1), (36, 4), (40, 2), (42, 4)]","[[[(9, 2)], [(0, 4), (4, 2), (6, 1), (7, 2)], [(12, 2), (14, 1), (15, 1), (16, 2), (18, 2), (20, 2), (22, 4), (26, 2), (28, 2), (30, 1), (31, 3), (34, 1), (35, 1), (36, 4), (40, 2), (42, 4)]]]","[[0. 0. 0. ... 0. 0. 0.]
 [0. 0. 0. ... 0. 0. 0.]
 [0. 0. 0. ... 0. 0. 0.]
 ...
 [0. 0. 0. ... 0. 0. 0.]
 [0. 0. 0. ... 0. 0. 0.]
 [0. 0. 0. ... 0. 0. 0.]]","[[0.         0.11111111 0.11111111 ... 0.         0.         0.        ]
 [0.         0.         0.         ... 0.         0.         0.        ]
 [0.         0.         0.         ... 0.         0.         0.        ]
 ...
 [0.         0.         0.         ... 0.         0.         0.        ]
 [0.         0.         0.         ... 0.         0.         0.        ]
 [0.         0.         0.         ... 0.         0.         0.        ]]","[[0. 0. 0. ... 0. 0. 0.]
 [0. 0. 0. ... 0. 0. 0.]
 [0. 0. 0. ... 0. 0. 0.]
 ...
 [0. 0. 0. ... 0. 0. 0.]
 [0. 0. 0. ... 0. 0. 0.]
 [0. 0. 0. ... 0. 0. 0.]]",1.0,2021-03-30,-0.2449891163210081,3.0,4.0,"[40.12791637694654, 39.76584007159597, 40.42718445807864, 39.97507985104235, 40.06865865854261, 13.63380822680512, 0.2084424183466667, -0.3101242893737409, 15.143407028554773, -0.4595440256678896, -0.5338819856597867, -0.3630369184784927, -0.0768649225138434, -0.0469105095590323, 1.4592527749596793, 0.0309469334613199, 0.0012721214121377, -0.3627766677981732, -0.3643229479200271, -0.0455194415721138, -0.0109736494429606, -0.0551657278572029, 29.962714961565872, 37.74442557116207]",1,这个消息对于贵州茅台的未来发展不会产生很大的影响，因为香港中央结算有限公司的持股比例增长并不是很大，而且也不是公司内部管理层发生了重大变化。因此，您可以选择“持有不动”作为今天的投资策略。
600519,贵州茅台,2021-05-10 18:38:00,2021-05-10 18:38:00,贵州茅台公告，公司将于2021年5月19日（星期三）15:00-16:00召开2020年度及2021年第一季度业绩说明会。,贵州茅台公告，公司将于2021年5月19日（星期三）15:00-16:00召开2020年度及2021年第一季度业绩说明会。,3884922.0,1.0,-0.0016125341266504,2021-05-10,2021-05-11,1858.4298,1930.8253,1965.4182,2021-05-12,1947.3392,1953.0353,2021-05-13,1963.437,1991.0261,2021-05-14,2006.1333,2038.6856,2021-05-17,2045.6596,2040.0229,2021-05-18,"[(29, 2)]","[(7, 2)]","[(31, 3), (34, 1), (35, 2), (37, 2), (39, 2), (41, 2), (43, 2), (45, 1)]","[[[(29, 2)], [(7, 2)], [(31, 3), (34, 1), (35, 2), (37, 2), (39, 2), (41, 2), (43, 2), (45, 1)]]]","[[0. 0. 0. ... 0. 0. 0.]
 [0. 0. 0. ... 0. 0. 0.]
 [0. 0. 0. ... 0. 0. 0.]
 ...
 [0. 0. 0. ... 0. 0. 0.]
 [0. 0. 0. ... 0. 0. 0.]
 [0. 0. 0. ... 0. 0. 0.]]","[[0. 0. 0. ... 0. 0. 0.]
 [0. 0. 0. ... 0. 0. 0.]
 [0. 0. 0. ... 0. 0. 0.]
 ...
 [0. 0. 0. ... 0. 0. 0.]
 [0. 0. 0. ... 0. 0. 0.]
 [0. 0. 0. ... 0. 0. 0.]]","[[0. 0. 0. ... 0. 0. 0.]
 [0. 0. 0. ... 0. 0. 0.]
 [0. 0. 0. ... 0. 0. 0.]
 ...
 [0. 0. 0. ... 0. 0. 0.]
 [0. 0. 0. ... 0. 0. 0.]
 [0. 0. 0. ... 0. 0. 0.]]",1.0,2021-05-10,0.1885874162258708,0.0,1.0,"[36.03965918750588, 35.44340689656237, 36.24379722195455, 35.83276471606103, 36.0662935068992, -13.905840592601674, -0.5466640975440724, -0.2282062381746369, 17.350474316018772, -0.5462016131095019, -0.5613420187682381, -0.1630776742719248, -0.1406233006449746, -0.063278662491712, 0.7461364357613365, -0.0035700995811844, -0.0109407164148611, -0.3160078971930814, -0.3347570396479416, -0.0441207880654614, -0.0093157554284008, -0.0502220874265352, 28.520084310657754, 36.003826391261946]",1,根据公司将要召开业绩说明会的消息，投资者可能会通过该说明会获得更多的关于公司未来发展计划和业绩表现的信息，因此建议持有不动。等待会议结束后，再根据相关信息和市场情况进行投资决策。
600519,贵州茅台,2021-05-18 19:23:00,2021-05-18 19:23:00,贵州茅台公告，将于2021年6月9日召开2020年年度股东大会，现场会议的召开地点：贵州省仁怀市茅台镇茅台国际大酒店。本次股东大会审议议案包括《2020年度董事会工作报告》、《2020年年度报告（全文及摘要）》、《2020年度利润分配方案》等。本次股东大会所采用的表决方式是现场投票和网络投票相结合的方式。出席现场会议报名登记时间为6月1日10:00-17:00。,贵州茅台公告，将于2021年6月9日召开2020年年度股东大会，现场会议的召开地点：贵州省仁怀市茅台镇茅台国际大酒店。本次股东大会审议议案包括《2020年度董事会工作报告》、《2020年年度报告（全文及摘要）》、《2020年度利润分配方案》等。本次股东大会所采用的表决方式是现场投票和网络投票相结合的方式。出席现场会议报名登记时间为6月1日10:00-17:00。,3966183.0,1.0,-0.0001505358590984,2021-05-18,2021-05-19,2039.7158,2054.5753,2039.5969,2021-05-20,2035.8325,2022.9741,2021-05-21,2031.7907,2051.8907,2021-05-24,2065.4723,2173.9467,2021-05-25,2187.3005,2199.2079,2021-05-26,"[(15, 2), (63, 2), (114, 2), (121, 1), (132, 2), (138, 2), (150, 1)]","[(0, 4), (4, 2), (53, 2), (55, 2), (57, 2), (59, 2), (61, 2), (107, 2), (109, 2), (111, 3), (107, 2), (109, 2), (111, 3), (114, 2), (116, 1), (117, 2), (119, 2), (138, 2), (140, 4), (144, 2), (146, 2), (148, 2)]","[(140, 4), (65, 1), (66, 1), (67, 2), (69, 3), (72, 2), (74, 2), (76, 1), (77, 1), (78, 1), (79, 2), (81, 2), (83, 2), (85, 1), (86, 2), (88, 1), (89, 2), (91, 1), (92, 1), (93, 1), (94, 1), (95, 1), (96, 2), (98, 2), (100, 2), (102, 2), (104, 1), (105, 1), (117, 2), (119, 2), (122, 2), (124, 2), (126, 1), (127, 2), (129, 2), (131, 1), (132, 2), (134, 1), (135, 2), (151, 2), (153, 2), (155, 7), (17, 2), (19, 2), (21, 2), (23, 2)]","[[[(15, 2)], [(0, 4), (4, 2)], [(17, 2), (19, 2), (21, 2), (23, 2)]], [[(63, 2)], [(53, 2), (55, 2), (57, 2), (59, 2), (61, 2)], [(65, 1), (66, 1), (67, 2), (69, 3), (72, 2), (74, 2), (76, 1), (77, 1), (78, 1), (79, 2), (81, 2), (83, 2), (85, 1), (86, 2), (88, 1), (89, 2), (91, 1), (92, 1), (93, 1), (94, 1), (95, 1), (96, 2), (98, 2), (100, 2), (102, 2), (104, 1), (105, 1)]], [[(114, 2)], [(107, 2), (109, 2), (111, 3)], [(117, 2), (119, 2)]], [[(121, 1)], [(107, 2), (109, 2), (111, 3), (114, 2), (116, 1), (117, 2), (119, 2)], [(122, 2), (124, 2), (126, 1), (127, 2), (129, 2), (131, 1), (132, 2), (134, 1), (135, 2)]], [[(150, 1)], [(138, 2), (140, 4), (144, 2), (146, 2), (148, 2)], [(151, 2), (153, 2), (155, 7)]]]","[[0. 0. 0. ... 0. 0. 0.]
 [0. 0. 0. ... 0. 0. 0.]
 [0. 0. 0. ... 0. 0. 0.]
 ...
 [0. 0. 0. ... 0. 0. 0.]
 [0. 0. 0. ... 0. 0. 0.]
 [0. 0. 0. ... 0. 0. 0.]]","[[0.         0.16666667 0.16666667 ... 0.         0.         0.        ]
 [0.         0.         0.         ... 0.         0.         0.        ]
 [0.         0.         0.         ... 0.         0.         0.        ]
 ...
 [0.         0.         0.         ... 0.         0.         0.        ]
 [0.         0.         0.         ... 0.         0.         0.        ]
 [0.         0.         0.         ... 0.         0.         0.        ]]","[[0. 0. 0. ... 0. 0. 0.]
 [0. 0. 0. ... 0. 0. 0.]
 [0. 0. 0. ... 0. 0. 0.]
 ...
 [0. 0. 0. ... 0. 0. 0.]
 [0. 0. 0. ... 0. 0. 0.]
 [0. 0. 0. ... 0. 0. 0.]]",5.0,2021-05-18,0.1646501476817761,2.0,2.0,"[35.954987067863705, 35.624909750068895, 36.42564306615599, 36.105543810948205, 35.84027203936916, 0.6175626264717761, -0.0894523385675051, -0.3943241790137159, 7.977027049696365, -0.5365180173889217, -0.6190328315998105, -0.6750123768820415, -0.1130061761433143, -0.0454114300134734, 0.7517156206357201, -0.0023611401717348, -0.0097172308191457, -0.3571014599032199, -0.3769569392795307, -0.0441018274566751, -0.0091582015028283, -0.0499419744440366, 30.04379829232692, 37.460177199591456]",1,根据公告，该公司即将召开年度股东大会并审议一些重要议案，这可能会对公司的未来发展产生一定的影响。不过，在这种情况下，除非您已经有了一些具体的投资计划或者对公司未来发展趋势有一定的预测，否则建议持有不动等待后续发展。因此，我建议您选择“持有不动”。
600519,贵州茅台,2021-06-20 16:58:00,2021-06-20 16:58:00,贵州茅台发布2020年度权益分派实施公告，拟每10股派发现金红利192.93元(含税)，股权登记日为2021年6月24日，除权(息)日为2021年6月25日，现金红利发放日为2021年6月25日。,贵州茅台发布2020年度权益分派实施公告，拟每10股派发现金红利192.93元(含税)，股权登记日为2021年6月24日，除权(息)日为2021年6月25日，现金红利发放日为2021年6月25日。,3748367.0,1.0,-0.0028408275703749,2021-06-18,2021-06-21,2065.4723,2072.4067,2055.5362,2021-06-22,2060.5191,2018.9125,2021-06-23,2020.9037,2048.6811,2021-06-24,2049.96,2092.0,2021-06-25,2100.0,2103.01,2021-06-28,"[(4, 2), (18, 1), (22, 2), (42, 1), (56, 1), (71, 1)]","[(0, 4), (19, 1), (20, 1), (21, 1), (37, 2), (39, 2), (41, 1), (64, 2), (66, 2), (68, 2), (70, 1)]","[(19, 1), (20, 1), (21, 1), (22, 2), (24, 2), (26, 2), (28, 3), (31, 1), (32, 1), (33, 2), (35, 1), (57, 2), (59, 2), (61, 2), (6, 3), (9, 2), (11, 2), (13, 2), (15, 2), (72, 2), (74, 2), (76, 2)]","[[[(4, 2)], [(0, 4)], [(6, 3), (9, 2), (11, 2), (13, 2), (15, 2)]], [[(71, 1)], [(64, 2), (66, 2), (68, 2), (70, 1)], [(72, 2), (74, 2), (76, 2)]]]","[[0. 0. 0. ... 0. 0. 0.]
 [0. 0. 0. ... 0. 0. 0.]
 [0. 0. 0. ... 0. 0. 0.]
 ...
 [0. 0. 0. ... 0. 0. 0.]
 [0. 0. 0. ... 0. 0. 0.]
 [0. 0. 0. ... 0. 0. 0.]]","[[0.   0.25 0.25 ... 0.   0.   0.  ]
 [0.   0.   0.   ... 0.   0.   0.  ]
 [0.   0.   0.   ... 0.   0.   0.  ]
 ...
 [0.   0.   0.   ... 0.   0.   0.  ]
 [0.   0.   0.   ... 0.   0.   0.  ]
 [0.   0.   0.   ... 0.   0.   0.  ]]","[[0. 0. 0. ... 0. 0. 0.]
 [0. 0. 0. ... 0. 0. 0.]
 [0. 0. 0. ... 0. 0. 0.]
 ...
 [0. 0. 0. ... 0. 0. 0.]
 [0. 0. 0. ... 0. 0. 0.]
 [0. 0. 0. ... 0. 0. 0.]]",2.0,2021-06-18,-0.0335318784100747,0.0,0.0,"[35.06211630973968, 34.20723304974803, 34.54751106864708, 33.96301690655442, 35.08562949439538, -28.516972020728755, -0.7220656638225644, -0.2772531223114298, 17.742620245545677, -0.5387013634885393, -0.5614778462582818, 1.7209503468047644, -0.1317518545030275, -0.0607244285750632, 0.7166866643795268, -0.0028628732080448, -0.0108119128172986, -0.3589091365585272, -0.4259375838557707, -0.0444155668699193, -0.0087762171551108, -0.0566465660341234, 30.891729936310576, 37.83904822047064]",1,根据贵州茅台发布的权益分派实施公告，公司将每10股派发现金红利192.93元（含税），这是一个不错的利好消息。因此，如果你已经持有贵州茅台的股票，可以考虑继续持有不动或者小幅加仓。如果你还没有入手，可以考虑小幅加仓。但是，投资决策应该基于自身的风险偏好、投资目标和资产配置等因素，建议在做出决策前，做好自己的投资分析和风险控制。
600519,贵州茅台,2021-07-28 20:08:00,2021-07-28 20:08:00,贵州茅台公告，今日公司董事会会议决定，向河南省慈善总会捐赠3000万元用于河南省防汛救灾工作。,贵州茅台公告，今日公司董事会会议决定，向河南省慈善总会捐赠3000万元用于河南省防汛救灾工作。,3433497.0,1.0,0.0232404319068346,2021-07-28,2021-07-29,1810.01,1725.0,1678.99,2021-07-30,1664.0,1755.0,2021-08-02,1730.0,1749.3,2021-08-03,1734.06,1724.0,2021-08-04,1692.88,1699.0,2021-08-05,"[(16, 2), (27, 2), (32, 2)]","[(9, 2), (11, 3), (14, 2)]","[(29, 2), (31, 1), (19, 1), (20, 3), (23, 2), (25, 2), (27, 2), (29, 2), (31, 1), (32, 2), (34, 3), (37, 2), (39, 2), (41, 2)]","[[[(16, 2)], [(9, 2), (11, 3), (14, 2)], [(19, 1), (20, 3), (23, 2), (25, 2), (27, 2), (29, 2), (31, 1), (32, 2), (34, 3), (37, 2), (39, 2), (41, 2)]]]","[[0. 0. 0. ... 0. 0. 0.]
 [0. 0. 0. ... 0. 0. 0.]
 [0. 0. 0. ... 0. 0. 0.]
 ...
 [0. 0. 0. ... 0. 0. 0.]
 [0. 0. 0. ... 0. 0. 0.]
 [0. 0. 0. ... 0. 0. 0.]]","[[0. 0. 0. ... 0. 0. 0.]
 [0. 0. 0. ... 0. 0. 0.]
 [0. 0. 0. ... 0. 0. 0.]
 ...
 [0. 0. 0. ... 0. 0. 0.]
 [0. 0. 0. ... 0. 0. 0.]
 [0. 0. 0. ... 0. 0. 0.]]","[[0. 0. 0. ... 0. 0. 0.]
 [0. 0. 0. ... 0. 0. 0.]
 [0. 0. 0. ... 0. 0. 0.]
 ...
 [0. 0. 0. ... 0. 0. 0.]
 [0. 0. 0. ... 0. 0. 0.]
 [0. 0. 0. ... 0. 0. 0.]]",1.0,2021-07-28,0.9019506130799042,4.0,4.0,"[30.467368224429297, 30.54517528143131, 31.14484733903992, 30.98553093315611, 30.377537947271744, 19.2054923767048, 0.558006219948559, -0.2274607325909304, 19.950908115235865, -0.5866679660244958, -0.5431455799287598, 0.6486359638622542, -0.1868261511165684, -0.0947917947985467, 0.5526062291699674, -0.0071935615247212, -0.0120368969164979, -0.116661641493235, -0.1320269199812612, -0.0436170015973529, -0.0079344910232334, -0.0530715748154763, 29.05492635529352, 35.97656511428349]",1,这则新闻与贵州茅台公司的经营业绩和股价走势关系不大，因此不会对股票价格产生直接影响。建议您根据贵州茅台公司的经营状况、财务状况、行业趋势等因素来判断是否调整自己的投资策略。所以，我建议您应该选择“持有不动”。
600519,贵州茅台,2021-07-30 19:22:00,2021-07-30 19:14:00,贵州茅台披露半年报，公司实现营业收入490.87亿元，同比增长11.68%；实现净利润246.54亿元，同比增长9.08%。报告期内，公司完成基酒产量5.03万吨，其中茅台酒基酒产量3.78万吨、系列酒基酒产量1.25万吨。半年报显示，易方达蓝筹精选混合型证券投资基金退出前十大流通股东行列。,贵州茅台披露半年报，公司实现营业收入490.87亿元，同比增长11.68%；实现净利润246.54亿元，同比增长9.08%。报告期内，公司完成基酒产量5.03万吨，其中茅台酒基酒产量3.78万吨、系列酒基酒产量1.25万吨。半年报显示，易方达蓝筹精选混合型证券投资基金退出前十大流通股东行列。,4353106.0,1.0,-0.0089279864680552,2021-07-30,2021-08-02,1664.0,1730.0,1749.3,2021-08-03,1734.06,1724.0,2021-08-04,1692.88,1699.0,2021-08-05,1689.0,1671.0,2021-08-06,1651.0,1693.8,2021-08-09,"[(4, 2), (12, 2), (26, 2), (33, 2), (46, 2), (60, 2), (103, 2), (122, 2)]","[(10, 2), (24, 2), (100, 3), (58, 2)]","[(6, 3), (35, 3), (124, 1), (125, 1), (126, 1), (127, 2), (129, 2), (131, 2), (14, 2), (16, 2), (28, 4), (48, 4), (106, 5), (111, 2), (113, 2), (115, 3), (118, 2), (120, 2), (122, 2), (124, 1), (125, 1), (126, 1), (127, 2), (129, 2), (131, 2), (62, 2), (64, 2)]","[[[(12, 2)], [(10, 2)], [(14, 2), (16, 2)]], [[(26, 2)], [(24, 2)], [(28, 4)]], [[(60, 2)], [(58, 2)], [(62, 2), (64, 2)]], [[(103, 2)], [(100, 3)], [(106, 5), (111, 2), (113, 2), (115, 3), (118, 2), (120, 2), (122, 2), (124, 1), (125, 1), (126, 1), (127, 2), (129, 2), (131, 2)]]]","[[0. 0. 0. ... 0. 0. 0.]
 [0. 0. 0. ... 0. 0. 0.]
 [0. 0. 0. ... 0. 0. 0.]
 ...
 [0. 0. 0. ... 0. 0. 0.]
 [0. 0. 0. ... 0. 0. 0.]
 [0. 0. 0. ... 0. 0. 0.]]","[[0. 0. 0. ... 0. 0. 0.]
 [0. 0. 0. ... 0. 0. 0.]
 [0. 0. 0. ... 0. 0. 0.]
 ...
 [0. 0. 0. ... 0. 0. 0.]
 [0. 0. 0. ... 0. 0. 0.]
 [0. 0. 0. ... 0. 0. 0.]]","[[0. 0. 0. ... 0. 0. 0.]
 [0. 0. 0. ... 0. 0. 0.]
 [0. 0. 0. ... 0. 0. 0.]
 ...
 [0. 0. 0. ... 0. 0. 0.]
 [0. 0. 0. ... 0. 0. 0.]
 [0. 0. 0. ... 0. 0. 0.]]",4.0,2021-07-30,-0.4875775794424222,0.0,0.0,"[29.10370335336402, 28.17668023269767, 29.15244854900904, 28.52594368498321, 29.3295091637879, -21.52512356500308, -0.6859838489702441, -0.2069429922445375, 16.316682751077153, -0.5424555232054106, -0.5380124099031203, 0.0669487729392987, -0.215115857514987, -0.1145761906028748, 0.5059277647302556, -0.0090481535243677, -0.0133271380886032, -0.0730557911057234, -0.1093412756147572, -0.0434694017124667, -0.0077454648406145, -0.0527449193561231, 27.82792627856873, 34.68683382867368]",1,根据这份半年报，贵州茅台的营业收入和净利润同比增长，这是一个积极的信号。但是，易方达蓝筹精选混合型证券投资基金退出前十大流通股东行列，可能表明一些机构投资者正在减少对该公司的投资，这可能对公司的股价产生一定的压力。综合考虑，建议选择'持有不动'。
600519,贵州茅台,2021-07-30 19:28:00,2021-07-30 19:22:00,贵州茅台半年报显示，张坤掌舵的易方达蓝筹精选混合型证券投资基金退出前十大股东行列，招商中证白酒指数分级证券投资基金新晋前十大股东。,贵州茅台半年报显示，张坤掌舵的易方达蓝筹精选混合型证券投资基金退出前十大股东行列，招商中证白酒指数分级证券投资基金新晋前十大股东。,4720346.0,1.0,-0.0089279864680552,2021-07-30,2021-08-02,1664.0,1730.0,1749.3,2021-08-03,1734.06,1724.0,2021-08-04,1692.88,1699.0,2021-08-05,1689.0,1671.0,2021-08-06,1651.0,1693.8,2021-08-09,"[(7, 2), (12, 2), (31, 2)]","[(0, 4), (4, 3), (10, 2), (10, 2), (12, 2), (14, 1), (15, 5)]","[(10, 2), (12, 2), (14, 1), (15, 5), (20, 2), (22, 2), (24, 1), (25, 2), (27, 2), (29, 2), (31, 2), (33, 1), (34, 1), (35, 1), (36, 2), (38, 2), (40, 1), (41, 2), (43, 2), (45, 4), (49, 2), (51, 2), (53, 2), (55, 2), (57, 2), (59, 1), (60, 1), (61, 1), (62, 2), (15, 5), (33, 1), (34, 1), (35, 1), (36, 2), (38, 2)]","[[[(7, 2)], [(0, 4), (4, 3)], [(10, 2), (12, 2), (14, 1), (15, 5), (20, 2), (22, 2), (24, 1), (25, 2), (27, 2), (29, 2), (31, 2), (33, 1), (34, 1), (35, 1), (36, 2), (38, 2), (40, 1), (41, 2), (43, 2), (45, 4), (49, 2), (51, 2), (53, 2), (55, 2), (57, 2), (59, 1), (60, 1), (61, 1), (62, 2)]], [[(12, 2)], [(10, 2)], [(15, 5)]], [[(31, 2)], [(10, 2), (12, 2), (14, 1), (15, 5)], [(33, 1), (34, 1), (35, 1), (36, 2), (38, 2)]]]","[[0. 0. 0. ... 0. 0. 0.]
 [0. 0. 0. ... 0. 0. 0.]
 [0. 0. 0. ... 0. 0. 0.]
 ...
 [0. 0. 0. ... 0. 0. 0.]
 [0. 0. 0. ... 0. 0. 0.]
 [0. 0. 0. ... 0. 0. 0.]]","[[0.         0.14285714 0.14285714 ... 0.         0.         0.        ]
 [0.         0.         0.         ... 0.         0.         0.        ]
 [0.         0.         0.         ... 0.         0.         0.        ]
 ...
 [0.         0.         0.         ... 0.         0.         0.        ]
 [0.         0.         0.         ... 0.         0.         0.        ]
 [0.         0.         0.         ... 0.         0.         0.        ]]","[[0. 0. 0. ... 0. 0. 0.]
 [0. 0. 0. ... 0. 0. 0.]
 [0. 0. 0. ... 0. 0. 0.]
 ...
 [0. 0. 0. ... 0. 0. 0.]
 [0. 0. 0. ... 0. 0. 0.]
 [0. 0. 0. ... 0. 0. 0.]]",3.0,2021-07-30,-0.4875775794424222,0.0,0.0,"[29.10370335336402, 28.17668023269767, 29.15244854900904, 28.52594368498321, 29.3295091637879, -21.52512356500308, -0.6859838489702441, -0.2069429922445375, 16.316682751077153, -0.5424555232054106, -0.5380124099031203, 0.0669487729392987, -0.215115857514987, -0.1145761906028748, 0.5059277647302556, -0.0090481535243677, -0.0133271380886032, -0.0730557911057234, -0.1093412756147572, -0.0434694017124667, -0.0077454648406145, -0.0527449193561231, 27.82792627856873, 34.68683382867368]",1,基于这条新闻，公司的股东结构发生了变化，易方达蓝筹精选混合型证券投资基金退出前十大股东行列，而招商中证白酒指数分级证券投资基金成为了新晋前十大股东。这种变化本身并不会对贵州茅台的经营和未来前景产生直接的影响。因此，如果你的投资策略基于公司的基本面和未来发展前景，那么这条新闻并不需要改变你的投资决策，可以选择持有不动。
600519,贵州茅台,2021-08-30 17:18:00,2021-08-30 17:17:00,财联社8月30日电，贵州茅台公告，根据贵州省人民政府相关文件，推荐丁雄军为公司董事、董事长人选，建议高卫东不再担任公司董事长、董事职务。公司将尽快召开董事会会议、股东大会对上述职务调整进行审议，待公司董事会会议、股东大会审议通过后生效。,财联社8月30日电，贵州茅台公告，根据贵州省人民政府相关文件，推荐丁雄军为公司董事、董事长人选，建议高卫东不再担任公司董事长、董事职务。公司将尽快召开董事会会议、股东大会对上述职务调整进行审议，待公司董事会会议、股东大会审议通过后生效。,3374233.0,1.0,0.0023959646910465,2021-08-30,2021-08-31,1589.8,1559.0,1622.01,2021-09-01,1632.99,1618.8,2021-09-02,1610.02,1658.22,2021-09-03,1649.0,1670.67,2021-09-06,1661.03,1669.0,2021-09-07,"[(30, 2), (35, 1), (47, 2), (54, 2), (72, 2), (91, 2), (114, 2)]","[(32, 3), (49, 3), (67, 2), (67, 2)]","[(32, 3), (36, 2), (38, 2), (40, 1), (41, 3), (44, 2), (49, 3), (52, 2), (54, 2), (56, 2), (58, 3), (61, 1), (62, 2), (64, 2), (56, 2), (58, 3), (61, 1), (62, 2), (64, 2), (93, 2), (74, 3), (77, 2), (79, 1), (80, 2), (82, 2)]","[[[(35, 1)], [(32, 3)], [(36, 2), (38, 2), (40, 1), (41, 3), (44, 2)]], [[(54, 2)], [(49, 3)], [(56, 2), (58, 3), (61, 1), (62, 2), (64, 2)]], [[(72, 2)], [(67, 2)], [(74, 3), (77, 2), (79, 1), (80, 2), (82, 2)]], [[(91, 2)], [(67, 2)], [(93, 2)]]]","[[0. 0. 0. ... 0. 0. 0.]
 [0. 0. 0. ... 0. 0. 0.]
 [0. 0. 0. ... 0. 0. 0.]
 ...
 [0. 0. 0. ... 0. 0. 0.]
 [0. 0. 0. ... 0. 0. 0.]
 [0. 0. 0. ... 0. 0. 0.]]","[[0. 0. 0. ... 0. 0. 0.]
 [0. 0. 0. ... 0. 0. 0.]
 [0. 0. 0. ... 0. 0. 0.]
 ...
 [0. 0. 0. ... 0. 0. 0.]
 [0. 0. 0. ... 0. 0. 0.]
 [0. 0. 0. ... 0. 0. 0.]]","[[0. 0. 0. ... 0. 0. 0.]
 [0. 0. 0. ... 0. 0. 0.]
 [0. 0. 0. ... 0. 0. 0.]
 ...
 [0. 0. 0. ... 0. 0. 0.]
 [0. 0. 0. ... 0. 0. 0.]
 [0. 0. 0. ... 0. 0. 0.]]",4.0,2021-08-30,0.2570004906577723,1.0,2.0,"[27.096001193618537, 26.489518740813345, 27.298710810064087, 27.103350919651003, 26.91882272236517, -3.4540466057320227, -0.1211966271426013, -0.3076145671916436, 8.758642514054463, -0.7008558091362642, -0.7138619927420773, -0.4216066480001252, -0.2403767288100131, -0.12464013333179, 0.0391803799555187, -0.0091750457337579, -0.0125435834977251, -0.0220442526068129, -0.1788379549720557, -0.0444693375580558, -0.0073084032875265, -0.0505315945240537, 26.581900275395483, 33.37863671190879]",1,这个消息涉及到公司管理层的变动，通常不会对公司的财务状况产生直接影响。然而，管理层的变动可能会引起市场的不确定性和不安，从而影响公司股价。由于这是一项推荐，需要董事会和股东大会的审议通过后才能生效，所以短期内可能不会有明显的影响。因此，我建议您可以选择“持有不动”或者“小幅减仓”。
600519,贵州茅台,2021-09-08 19:13:00,2021-09-08 19:05:00,财联社9月8日电，贵州茅台公告，经公司与茅台集团公司协商后拟继续签订《商标许可协议》，茅台集团公司拟将注册的相关商标许可给公司使用。许可商标范围在原许可商标基础上扩大至82件，包含“茅台”“贵州茅台”等茅台系列品牌商标和酱香系列品牌商标。,财联社9月8日电，贵州茅台公告，经公司与茅台集团公司协商后拟继续签订《商标许可协议》，茅台集团公司拟将注册的相关商标许可给公司使用。许可商标范围在原许可商标基础上扩大至82件，包含“茅台”“贵州茅台”等茅台系列品牌商标和酱香系列品牌商标。,4175584.0,1.0,-0.0043475598554895,2021-09-08,2021-09-09,1626.0,1634.08,1662.58,2021-09-10,1665.0,1654.0,2021-09-13,1659.0,1657.0,2021-09-14,1650.0,1615.74,2021-09-15,1603.0,1638.07,2021-09-16,"[(26, 2), (29, 1), (30, 2), (32, 2), (49, 1), (51, 2), (63, 2), (81, 2), (87, 2)]","[(17, 2), (43, 2), (45, 4), (60, 1), (61, 2)]","[(32, 2), (34, 1), (35, 2), (37, 2), (39, 2), (41, 1), (34, 1), (35, 2), (37, 2), (39, 2), (41, 1), (56, 2), (66, 2), (68, 2), (70, 2), (89, 1), (90, 4), (94, 4), (98, 1), (99, 1), (100, 2), (102, 2), (104, 2), (106, 2), (108, 1), (109, 2), (111, 2), (113, 2), (115, 2), (30, 2), (32, 2), (34, 1), (35, 2), (37, 2), (39, 2), (41, 1), (50, 1), (51, 2), (53, 1), (54, 2), (56, 2), (58, 2), (60, 1), (61, 2), (63, 2)]","[[[(49, 1)], [(43, 2), (45, 4)], [(50, 1), (51, 2), (53, 1), (54, 2), (56, 2), (58, 2), (60, 1), (61, 2), (63, 2)]]]","[[0. 0. 0. ... 0. 0. 0.]
 [0. 0. 0. ... 0. 0. 0.]
 [0. 0. 0. ... 0. 0. 0.]
 ...
 [0. 0. 0. ... 0. 0. 0.]
 [0. 0. 0. ... 0. 0. 0.]
 [0. 0. 0. ... 0. 0. 0.]]","[[0. 0. 0. ... 0. 0. 0.]
 [0. 0. 0. ... 0. 0. 0.]
 [0. 0. 0. ... 0. 0. 0.]
 ...
 [0. 0. 0. ... 0. 0. 0.]
 [0. 0. 0. ... 0. 0. 0.]
 [0. 0. 0. ... 0. 0. 0.]]","[[0. 0. 0. ... 0. 0. 0.]
 [0. 0. 0. ... 0. 0. 0.]
 [0. 0. 0. ... 0. 0. 0.]
 ...
 [0. 0. 0. ... 0. 0. 0.]
 [0. 0. 0. ... 0. 0. 0.]
 [0. 0. 0. ... 0. 0. 0.]]",1.0,2021-09-08,-0.2357490209492607,0.0,0.0,"[29.15987077816944, 28.878043572292245, 29.65707698920108, 29.258688249615417, 29.28916876185325, -16.118438611993245, -0.8084835515121497, -0.3416084411449466, 7.068383274091267, -0.7273184980018346, -0.8073388044958142, -0.7550328693278441, -0.2315340497560715, -0.117021319925595, 0.041667580498638, -0.0087295959503094, -0.0123477819680567, -0.0114513545588864, -0.1786232218571905, -0.0443825327805931, -0.0072506856358559, -0.0485153718270011, 26.43766910391976, 33.314883313956415]",1,由于这则新闻并未对贵州茅台公司的业绩或公司治理结构产生直接影响，因此对投资策略的影响较小。如果您相信贵州茅台公司的长期前景并且持有该公司的投资组合，您可以继续持有不动或者小幅加仓，但是建议您对市场的变化保持关注，以便做出及时的调整。
600519,贵州茅台,2021-09-24 19:05:00,2021-09-24 19:04:00,财联社9月24日电，贵州茅台公告，董事会会议选举丁雄军为公司第三届董事会董事长。高卫东不再担任公司第三届董事会董事长、董事职务。,财联社9月24日电，贵州茅台公告，董事会会议选举丁雄军为公司第三届董事会董事长。高卫东不再担任公司第三届董事会董事长、董事职务。,4286673.0,1.0,0.0330578512396693,2021-09-24,2021-09-27,1750.0,1848.0,1822.06,2021-09-28,1809.0,1820.0,2021-09-29,1818.18,1830.0,2021-09-30,1822.42,1839.6,2021-10-08,1839.51,1867.12,2021-10-11,"[(21, 2), (26, 1), (44, 2)]","[(16, 3), (19, 2), (23, 3), (39, 3)]","[(23, 3), (27, 2), (29, 2), (31, 1), (32, 3), (35, 3), (46, 2), (48, 2), (50, 1), (51, 3), (54, 3), (57, 1), (58, 2), (60, 2)]","[[[(21, 2)], [(16, 3), (19, 2)], [(23, 3)]], [[(26, 1)], [(23, 3)], [(27, 2), (29, 2), (31, 1), (32, 3), (35, 3)]], [[(44, 2)], [(39, 3)], [(46, 2), (48, 2), (50, 1), (51, 3), (54, 3), (57, 1), (58, 2), (60, 2)]]]","[[0. 0. 0. ... 0. 0. 0.]
 [0. 0. 0. ... 0. 0. 0.]
 [0. 0. 0. ... 0. 0. 0.]
 ...
 [0. 0. 0. ... 0. 0. 0.]
 [0. 0. 0. ... 0. 0. 0.]
 [0. 0. 0. ... 0. 0. 0.]]","[[0. 0. 0. ... 0. 0. 0.]
 [0. 0. 0. ... 0. 0. 0.]
 [0. 0. 0. ... 0. 0. 0.]
 ...
 [0. 0. 0. ... 0. 0. 0.]
 [0. 0. 0. ... 0. 0. 0.]
 [0. 0. 0. ... 0. 0. 0.]]","[[0. 0. 0. ... 0. 0. 0.]
 [0. 0. 0. ... 0. 0. 0.]
 [0. 0. 0. ... 0. 0. 0.]
 ...
 [0. 0. 0. ... 0. 0. 0.]
 [0. 0. 0. ... 0. 0. 0.]
 [0. 0. 0. ... 0. 0. 0.]]",3.0,2021-09-24,2.139589700409234,3.0,4.0,"[29.94436864476941, 30.16857743665169, 30.314854182385687, 30.447393352433544, 29.987381790803187, 14.742358580974138, 0.2892145989160554, -0.2496672466915723, 17.70555625003887, -0.5655506083437968, -0.5853718905356146, 1.2779207783317232, -0.2048938726816178, -0.1031093460731391, 0.0494403788203781, -0.0075315600275196, -0.0117270935859444, 0.0501267465380624, -0.1786559828949524, -0.0437461293911977, -0.0066132397964222, -0.0478983967839858, 27.8787661537084, 34.707424940759424]",1,这个消息对贵州茅台的长期发展影响较小，因为公司董事会会议已经选举了新的董事长，并且这一人选也得到了贵州省人民政府的推荐。因此，我建议您可以选择“持有不动”策略。当然，如果您持有贵州茅台股票比例过高，也可以适当进行“小幅减仓”来控制风险。
600519,贵州茅台,2021-10-08 19:04:00,2021-10-08 19:04:00,财联社10月8日电，贵州茅台公告，公司拟向中国青少年发展基金会捐赠1亿元，用于开展“中国茅台·国之栋梁”2021希望工程圆梦行动公益助学活动。同日公告，刘刚先生因工作调整不再担任公司副总经理、财务总监、董事会秘书职务，董事会指定公司董事李静仁先生暂时代行董事会秘书职责。,财联社10月8日电，贵州茅台公告，公司拟向中国青少年发展基金会捐赠1亿元，用于开展“中国茅台·国之栋梁”2021希望工程圆梦行动公益助学活动。同日公告，刘刚先生因工作调整不再担任公司副总经理、财务总监、董事会秘书职务，董事会指定公司董事李静仁先生暂时代行董事会秘书职责。,4110527.0,1.0,-4.892367906061956e-05,2021-10-08,2021-10-11,1839.51,1866.0,1870.99,2021-10-12,1870.0,1929.9,2021-10-13,1928.93,1911.0,2021-10-14,1890.1,1916.97,2021-10-15,1888.0,1800.0,2021-10-18,"[(18, 1), (30, 2), (36, 2), (38, 2), (83, 2), (108, 2)]","[(16, 2), (16, 2), (72, 2), (74, 2), (105, 3)]","[(40, 1), (41, 2), (43, 9), (52, 2), (54, 2), (56, 2), (58, 2), (60, 2), (62, 2), (64, 2), (19, 1), (20, 2), (22, 3), (25, 2), (27, 3), (30, 2), (32, 2), (34, 1), (32, 2), (34, 1), (110, 2), (112, 2), (114, 3), (117, 2), (85, 2), (87, 1), (88, 3), (91, 1), (92, 2), (94, 2), (96, 1), (97, 3), (100, 2), (102, 2)]","[[[(18, 1)], [(16, 2)], [(19, 1), (20, 2), (22, 3), (25, 2), (27, 3), (30, 2), (32, 2), (34, 1)]], [[(83, 2)], [(72, 2), (74, 2)], [(85, 2), (87, 1), (88, 3), (91, 1), (92, 2), (94, 2), (96, 1), (97, 3), (100, 2), (102, 2)]], [[(108, 2)], [(105, 3)], [(110, 2), (112, 2), (114, 3), (117, 2)]]]","[[0. 0. 0. ... 0. 0. 0.]
 [0. 0. 0. ... 0. 0. 0.]
 [0. 0. 0. ... 0. 0. 0.]
 ...
 [0. 0. 0. ... 0. 0. 0.]
 [0. 0. 0. ... 0. 0. 0.]
 [0. 0. 0. ... 0. 0. 0.]]","[[0. 0. 0. ... 0. 0. 0.]
 [0. 0. 0. ... 0. 0. 0.]
 [0. 0. 0. ... 0. 0. 0.]
 ...
 [0. 0. 0. ... 0. 0. 0.]
 [0. 0. 0. ... 0. 0. 0.]
 [0. 0. 0. ... 0. 0. 0.]]","[[0. 0. 0. ... 0. 0. 0.]
 [0. 0. 0. ... 0. 0. 0.]
 [0. 0. 0. ... 0. 0. 0.]
 ...
 [0. 0. 0. ... 0. 0. 0.]
 [0. 0. 0. ... 0. 0. 0.]
 [0. 0. 0. ... 0. 0. 0.]]",3.0,2021-10-08,-0.1747604318612798,1.0,1.0,"[32.10843187523753, 32.32043577347897, 33.05354620217502, 32.978304074404505, 32.463605957697894, 4.397654714515901, -0.2953557020043231, -0.268242573251535, 14.787732987286796, -0.5867185468265242, -0.6135750996601733, -0.4811323947701423, -0.1821682825959053, -0.0915236834385282, 0.0596226674258345, -0.0044310779564019, -0.0102498052525105, -0.0160219913346543, -0.2471470897486413, -0.0446187682292857, -0.0069513655173796, -0.0495339470358796, 29.21084579233394, 36.03077888559687]",1,该消息对贵州茅台公司的业务和财务状况影响较小，因此建议持有不动。虽然公司向中国青少年发展基金会捐赠1亿元，但这种捐赠对公司的经营业绩和股价的影响较小。同时，公司副总经理、财务总监、董事会秘书刘刚因工作调整不再担任相应职务，但公司已经安排李静仁先生暂时代行董事会秘书职责，因此公司管理层变动也不会对公司的基本面产生重大影响。
600519,贵州茅台,2021-10-22 19:09:00,2021-10-22 19:00:00,财联社10月22日电，贵州茅台公告，第三季度实现净利润126.12亿元，同比增长12.35%。前三季度净利润372.66亿元，同比增长10.17%。小财注：Q2净利为107亿元，据此计算，第三季度净利环比上升17.87%。,财联社10月22日电，贵州茅台公告，第三季度实现净利润126.12亿元，同比增长12.35%。前三季度净利润372.66亿元，同比增长10.17%。小财注：Q2净利为107亿元，据此计算，第三季度净利环比上升17.87%。,4340951.0,1.0,-0.0110468174644923,2021-10-22,2021-10-25,1880.0,1864.03,1861.05,2021-10-26,1852.3,1819.0,2021-10-27,1825.2,1825.49,2021-10-28,1825.0,1826.08,2021-10-29,1780.0,1803.0,2021-11-01,"[(20, 2), (33, 2), (55, 2), (69, 1), (87, 2)]","[(66, 1), (67, 2)]","[(22, 3), (35, 4), (57, 4), (70, 2), (72, 1), (89, 4)]","[[[(69, 1)], [(66, 1), (67, 2)], [(70, 2), (72, 1)]]]","[[0. 0. 0. ... 0. 0. 0.]
 [0. 0. 0. ... 0. 0. 0.]
 [0. 0. 0. ... 0. 0. 0.]
 ...
 [0. 0. 0. ... 0. 0. 0.]
 [0. 0. 0. ... 0. 0. 0.]
 [0. 0. 0. ... 0. 0. 0.]]","[[0. 0. 0. ... 0. 0. 0.]
 [0. 0. 0. ... 0. 0. 0.]
 [0. 0. 0. ... 0. 0. 0.]
 ...
 [0. 0. 0. ... 0. 0. 0.]
 [0. 0. 0. ... 0. 0. 0.]
 [0. 0. 0. ... 0. 0. 0.]]","[[0. 0. 0. ... 0. 0. 0.]
 [0. 0. 0. ... 0. 0. 0.]
 [0. 0. 0. ... 0. 0. 0.]
 ...
 [0. 0. 0. ... 0. 0. 0.]
 [0. 0. 0. ... 0. 0. 0.]
 [0. 0. 0. ... 0. 0. 0.]]",1.0,2021-10-22,-0.7362034128530037,4.0,4.0,"[32.403311877258915, 32.696341698948345, 33.052002775755206, 33.05332019301977, 32.27514956207251, 27.560204121284844, 1.3529950708600884, -0.3079905464032798, 12.272542597944517, -0.5207102007538492, -0.577281348791172, -0.2072664685075806, -0.1641545797406483, -0.0899527440039224, 0.0700048480420657, -0.0029850072779973, -0.0096182121460193, -0.054330873797934, -0.2854089650634284, -0.0442475791164919, -0.0066802011534757, -0.0495583184044869, 29.618714404637235, 36.360733522320615]",1,根据贵州茅台公司发布的公告显示，该公司在第三季度实现了不错的业绩增长，而且前三季度净利润同比增长也不错。因此，如果你已经持有贵州茅台的股票，可以考虑继续持有或者小幅加仓。如果你还没有持有该股票，可以考虑进行适当的买入。但是，需要注意的是，股市风险存在，投资需谨慎。
